region,total_road_length,region_size,bus_station,restaurant
1,5535.87861,599823.93154397,0,1189
2,11483.18115,1013368.54803104,0,894
3,2872.92663,415078.30498631,0,1808
4,22497.53164,3885281.71872329,6,249
5,7325.77621,1135257.53486856,0,10
